first_name,second_name,team,element_type,selected_by_percent,now_cost,minutes,transfers_in,value_season,total_points,position,Player Full Name
Mesut,Özil,Arsenal,3,0.5,68,0,3437,0,0,Midfielder,Mesut Özil
Sokratis,Papastathopoulos,Arsenal,2,0.1,48,0,10265,0,0,Defender,Sokratis Papastathopoulos
David,Luiz Moreira Marinho,Arsenal,2,0.7,54,569,41590,2.6,14,Defender,David Luiz
Pierre-Emerick,Aubameyang,Arsenal,3,7,113,1436,522844,5,56,Midfielder,Pierre-Emerick Aubameyang
Cédric,Soares,Arsenal,2,0.2,46,5,4311,0.2,1,Defender,Cédric Soares
Alexandre,Lacazette,Arsenal,4,6.1,83,941,724545,7.2,60,Forward,Alexandre Lacazette
Shkodran,Mustafi,Arsenal,2,0.1,50,45,13118,0.6,3,Defender,Shkodran Mustafi
Bernd,Leno,Arsenal,1,9,50,1620,704801,14.6,73,Goalkeeper,Bernd Leno
Granit,Xhaka,Arsenal,3,0.4,52,1084,31638,6,31,Midfielder,Granit Xhaka
Pablo,Marí,Arsenal,2,0.2,44,270,30775,3.2,14,Defender,Pablo Marí
Héctor,Bellerín,Arsenal,2,5.4,51,1370,874790,12,61,Defender,Héctor Bellerín
Calum,Chambers,Arsenal,2,0,45,0,1777,0,0,Defender,Calum Chambers
Sead,Kolasinac,Arsenal,2,0.1,48,90,5328,0.4,2,Defender,Sead Kolašinac
Ainsley,Maitland-Niles,Arsenal,2,0.8,46,485,56807,5.7,26,Defender,Ainsley Maitland-Niles
Rob,Holding,Arsenal,2,4.2,45,1305,520579,11.6,52,Defender,Rob Holding
Kieran,Tierney,Arsenal,2,8.2,54,1430,657495,10.9,59,Defender,Kieran Tierney
Nicolas,Pépé,Arsenal,3,0.6,76,475,31895,3,23,Midfielder,Nicolas Pépé
Lucas,Torreira,Arsenal,3,0.1,47,0,3458,0,0,Midfielder,Lucas Torreira
Joseph,Willock,Arsenal,3,0.1,47,233,4393,1.3,6,Midfielder,Joe Willock
Reiss,Nelson,Arsenal,3,0,51,70,1779,0.4,2,Midfielder,Reiss Nelson
Edward,Nketiah,Arsenal,4,0.5,55,316,47839,4.7,26,Forward,Eddie Nketiah
Emile,Smith Rowe,Arsenal,3,2.6,45,318,254034,4.7,21,Midfielder,Emile Smith-Rowe
Bukayo,Saka,Arsenal,3,8.9,53,1323,866354,11.1,59,Midfielder,Bukayo Saka
Matteo,Guendouzi,Arsenal,3,0.1,47,0,2724,0,0,Midfielder,Matteo Guendouzi
Gabriel Teodoro,Martinelli Silva,Arsenal,3,0.4,49,154,81907,1.4,7,Midfielder,Martinelli
William,Saliba,Arsenal,2,0.6,40,0,30946,0,0,Defender,William Saliba
Willian,Borges Da Silva,Arsenal,3,2.9,75,901,775308,5.3,40,Midfielder,Willian
Gabriel,Magalhães,Arsenal,2,5.3,50,1051,1013603,9.4,47,Defender,Gabriel Dos Santos
Daniel,Ceballos Fernández,Arsenal,3,0.9,47,1015,138830,7,33,Midfielder,Dani Ceballos
Mohamed Naser,El Sayed Elneny,Arsenal,3,1.3,44,873,251925,4.8,21,Midfielder,Mohamed Elneny
Matt,Macey,Arsenal,1,1.6,40,0,171723,0,0,Goalkeeper,Matt Macey
Rúnar Alex,Rúnarsson,Arsenal,1,0,45,0,2199,0,0,Goalkeeper,Rúnar Alex Rúnarsson
Thomas,Partey,Arsenal,3,0.3,49,298,107344,1.6,8,Midfielder,Thomas Partey
Emiliano,Martínez,Aston Villa,1,30.9,51,1350,2695659,16.3,83,Goalkeeper,Emiliano Martínez
Tom,Heaton,Aston Villa,1,0.1,45,0,3054,0,0,Goalkeeper,Tom Heaton
Ahmed,El Mohamady,Aston Villa,2,0.3,43,129,24673,2.8,12,Defender,Ahmed Elmohamady
Henri,Lansbury,Aston Villa,3,0.1,43,0,6177,0,0,Midfielder,Henri Lansbury
Neil,Taylor,Aston Villa,2,0.2,42,0,14493,0,0,Defender,Neil Taylor
Jed,Steer,Aston Villa,1,4.5,40,0,238011,0,0,Goalkeeper,Jed Steer
Conor,Hourihane,Aston Villa,3,0.1,59,225,23798,3.4,20,Midfielder,Conor Hourihane
José Ignacio,Peleteiro Romallo,Aston Villa,3,0,59,0,1439,0,0,Midfielder,José Ignacio Peleteiro Romallo
Ørjan,Nyland,Aston Villa,1,5.1,40,0,145100,0,0,Goalkeeper,Ørjan Nyland
Bjorn,Engels,Aston Villa,2,0.1,44,0,11185,0,0,Defender,Bjorn Engels
Jack,Grealish,Aston Villa,3,35.7,77,1350,4369019,12.6,97,Midfielder,Jack Grealish
John,McGinn,Aston Villa,3,1.3,55,1350,315070,10.2,56,Midfielder,John McGinn
Kortney,Hause,Aston Villa,2,0.7,44,360,72908,6.4,28,Defender,Kortney Hause
Mahmoud Ahmed,Ibrahim Hassan,Aston Villa,3,0.5,52,715,57619,4.8,25,Midfielder,Trézéguet
Tyrone,Mings,Aston Villa,2,8.9,54,1214,1394427,11.5,62,Defender,Tyrone Mings
Matt,Targett,Aston Villa,2,4.7,46,1350,579669,12.2,56,Defender,Matt Targett
James,Bree,Aston Villa,2,0,45,0,9840,0,0,Defender,James Bree
Marvelous,Nakamba,Aston Villa,3,0.7,43,104,76537,1.2,5,Midfielder,Marvelous Nakamba
Anwar,El Ghazi,Aston Villa,3,4.1,58,478,447385,8.1,47,Midfielder,Anwar El Ghazi
Ezri,Konsa Ngoyo,Aston Villa,2,5.7,47,1125,1048087,11.3,53,Defender,Ezri Konsa
Frédéric,Guilbert,Aston Villa,2,0.1,43,0,1903,0,0,Defender,Frédéric Guilbert
Wesley,Moraes,Aston Villa,4,0,60,0,951,0,0,Forward,Wesley Moraes
Mbwana,Samatta,Aston Villa,4,0,59,0,1628,0,0,Forward,Mbwana Samatta
Keinan,Davis,Aston Villa,4,9.5,43,47,863850,0.9,4,Forward,Keinan Davis
Indiana,Vassilev,Aston Villa,4,0.7,43,0,60956,0,0,Forward,Indiana Vassilev
Douglas Luiz,Soares de Paulo,Aston Villa,3,0.2,49,1223,24895,6.7,33,Midfielder,Douglas Luiz
Ross,Barkley,Aston Villa,3,0.8,59,494,466041,5.4,32,Midfielder,Ross Barkley
Matthew,Cash,Aston Villa,2,1.1,50,1222,133313,10.6,53,Defender,Matty Cash
Ollie,Watkins,Aston Villa,4,10.1,61,1350,1645136,11.3,69,Forward,Ollie Watkins
Bertrand,Traoré,Aston Villa,3,0.5,59,607,63112,7.8,46,Midfielder,Bertrand Traoré
Jacob,Ramsey,Aston Villa,3,0.1,45,123,11746,1.6,7,Midfielder,Jacob Ramsey
Glenn,Murray,Brighton,4,0.1,48,0,5001,0,0,Forward,Glenn Murray
Adam,Lallana,Brighton,3,0.3,62,764,14270,4.4,27,Midfielder,Adam Lallana
Pascal,Groß,Brighton,3,0.4,58,713,108838,7.4,43,Midfielder,Pascal Groß
Shane,Duffy,Brighton,2,0,43,0,653,0,0,Defender,Shane Duffy
Davy,Pröpper,Brighton,3,0,48,179,1427,1,5,Midfielder,Davy Pröpper
Aaron,Mooy,Brighton,3,0,50,0,9989,0,0,Midfielder,Aaron Mooy
Dan,Burn,Brighton,2,0.3,42,821,15328,3.6,15,Defender,Dan Burn
Lewis,Dunk,Brighton,2,2.5,48,1350,113296,7.7,37,Defender,Lewis Dunk
Martín,Montoya,Brighton,2,0,45,0,199,0,0,Defender,Martín Montoya
Florin,Andone,Brighton,4,0.1,48,0,12147,0,0,Forward,Florin Andone
Solomon,March,Brighton,3,1.3,50,1334,278060,11.4,57,Midfielder,Solly March
Adam,Webster,Brighton,2,1.5,44,1530,90995,8.2,36,Defender,Adam Webster
Joël,Veltman,Brighton,2,0.4,43,949,51416,5.1,22,Defender,Joël Veltman
Neal,Maupay,Brighton,4,2.2,61,1138,696355,9.8,60,Forward,Neal Maupay
Leandro,Trossard,Brighton,3,0.7,57,1109,261116,9.1,52,Midfielder,Leandro Trossard
Mathew,Ryan,Brighton,1,8.7,42,990,455741,6,25,Goalkeeper,Mathew Ryan
Alireza,Jahanbakhsh,Brighton,3,0,54,249,1727,2.4,13,Midfielder,Alireza Jahanbakhsh
José,Izquierdo,Brighton,3,0,55,0,10036,0,0,Midfielder,José Izquierdo
Matthew,Clarke,Brighton,2,0,44,0,332,0,0,Defender,Matthew Clarke
Ben,White,Brighton,2,1.1,44,1489,89304,8,35,Defender,Ben White
Bernardo,Fernandes da Silva Junior,Brighton,2,7.2,39,205,312635,1.3,5,Defender,Bernardo
Yves,Bissouma,Brighton,3,2.3,45,1374,309350,7.3,33,Midfielder,Yves Bissouma
Tariq,Lamptey,Brighton,2,4.4,47,887,1219109,7.4,35,Defender,Tariq Lamptey
Aaron,Connolly,Brighton,4,0.3,52,576,76523,5.8,30,Forward,Aaron Connolly
Steven,Alzate,Brighton,3,0.9,43,520,174493,3.3,14,Midfielder,Steven Alzate
Alexis,Mac Allister,Brighton,3,0,53,217,2728,3,16,Midfielder,Alexis Mac Allister
Christian,Walton,Brighton,1,1.3,40,0,48815,0,0,Goalkeeper,Christian Walton
Jason,Steele,Brighton,1,0.7,40,0,79149,0,0,Goalkeeper,Jason Steele
Jayson,Molumby,Brighton,3,0,45,1,2257,0.2,1,Midfielder,Jayson Molumby
Andi,Zeqiri,Brighton,4,0.1,50,63,7207,0.4,2,Forward,Andi Zeqiri
Danny,Welbeck,Brighton,4,0.7,55,620,186920,6.5,36,Forward,Danny Welbeck
Robert,Sánchez,Brighton,1,0.8,44,630,89193,4.3,19,Goalkeeper,Robert Sánchez
Percy,Tau,Brighton,3,0,55,67,3078,0.4,2,Midfielder,Percy Tau
Jakub,Moder,Brighton,3,0,50,0,235,0,0,Midfielder,Jakub Moder
Reda,Khadra,Brighton,3,0,45,4,48,0.2,1,Midfielder,Reda Khadra
Teddy,Jenks,Brighton,3,0,45,0,24,0,0,Midfielder,Teddy Jenks
Max,Sanders,Brighton,3,0,45,0,22,0,0,Midfielder,Max Sanders
Jensen,Weir,Brighton,3,0,45,0,35,0,0,Midfielder,Jensen Weir
Dale,Stephens,Burnley,3,4.6,43,229,313094,1.6,7,Midfielder,Dale Stephens
James,Tarkowski,Burnley,2,2.4,53,1260,101041,9.1,48,Defender,James Tarkowski
Phil,Bardsley,Burnley,2,0.2,44,270,11818,0.2,1,Defender,Phil Bardsley
Erik,Pieters,Burnley,2,0.6,43,444,51811,4.7,20,Defender,Erik Pieters
Jack,Cork,Burnley,3,0,50,0,10432,0,0,Midfielder,Jack Cork
Kevin,Long,Burnley,2,0.2,43,540,11227,2.6,11,Defender,Kevin Long
Jay,Rodriguez,Burnley,4,0.2,58,555,14149,3.1,18,Forward,Jay Rodriguez
Ashley,Barnes,Burnley,4,0.3,60,868,36352,4.5,27,Forward,Ashley Barnes
Ben,Mee,Burnley,2,1.7,49,900,172136,10.2,50,Defender,Ben Mee
Ashley,Westwood,Burnley,3,0.5,53,1440,38918,8.9,47,Midfielder,Ashley Westwood
Johann Berg,Gudmundsson,Burnley,3,0,54,329,10572,2,11,Midfielder,Jóhann Berg Guðmundsson
Chris,Wood,Burnley,4,2,62,1368,240454,7.9,49,Forward,Chris Wood
Matthew,Lowton,Burnley,2,1.6,44,1080,160522,9.3,41,Defender,Matthew Lowton
Matej,Vydra,Burnley,4,0.6,48,177,84391,2.1,10,Forward,Matěj Vydra
Ben,Gibson,Burnley,2,0.1,39,0,6177,0,0,Defender,Ben Gibson
Robbie,Brady,Burnley,3,0.1,50,670,11636,6.6,33,Midfielder,Robbie Brady
Nick,Pope,Burnley,1,10.6,54,1350,405171,14.6,79,Goalkeeper,Nick Pope
Charlie,Taylor,Burnley,2,3.8,45,1268,590765,11.3,51,Defender,Charlie Taylor
Josh,Brownhill,Burnley,3,0.1,49,1350,6670,7.1,35,Midfielder,Josh Brownhill
Bailey,Peacock-Farrell,Burnley,1,1.5,40,90,76321,0,0,Goalkeeper,Bailey Peacock-Farrell
Dwight,McNeil,Burnley,3,0.3,57,1191,18931,6.1,35,Midfielder,Dwight McNeil
Jimmy,Dunne,Burnley,2,4.4,39,180,844827,2.1,8,Defender,Jimmy Dunne
Bobby,Thomas,Burnley,2,0.7,39,0,45001,0,0,Defender,Bobby Thomas
Josh,Benson,Burnley,3,0,45,251,3640,2,9,Midfielder,Josh Benson
Anthony,Driscoll-Glennon,Burnley,2,0.1,40,0,5972,0,0,Defender,Anthony Driscoll-Glennon
Mace,Goodridge,Burnley,3,0,45,0,1179,0,0,Midfielder,Mace Goodridge
Will,Norris,Burnley,1,0.1,40,0,14014,0,0,Goalkeeper,Will Norris
Max,Thompson,Burnley,4,0.1,45,0,14159,0,0,Forward,Max Thompson
Lewis,Richardson,Burnley,4,0.1,45,0,12203,0,0,Forward,Lewis Richardson
Anthony,Mancini,Burnley,3,0,45,0,224,0,0,Midfielder,Anthony Mancini
Joel,Mumbongo,Burnley,4,0,45,0,1075,0,0,Forward,Joel Mumbongo
Willy,Caballero,Chelsea,1,0.2,47,90,5208,0.2,1,Goalkeeper,Willy Caballero
César,Azpilicueta,Chelsea,2,2.5,56,590,87515,4.6,26,Defender,César Azpilicueta
Olivier,Giroud,Chelsea,4,1.6,67,356,194221,4,27,Forward,Olivier Giroud
Marcos,Alonso,Chelsea,2,1.4,56,225,40848,0.4,2,Defender,Marcos Alonso
Jorge Luiz,Frello Filho,Chelsea,3,4.1,47,636,1268553,8.7,41,Midfielder,Jorginho
Mateo,Kovacic,Chelsea,3,0.2,53,648,27631,4.2,22,Midfielder,Mateo Kovačić
Antonio,Rüdiger,Chelsea,2,0.6,45,180,28752,1.8,8,Defender,Antonio Rüdiger
Kurt,Zouma,Chelsea,2,21.6,58,1350,2402628,13.4,78,Defender,Kurt Zouma
Emerson,Palmieri dos Santos,Chelsea,2,0.1,47,88,8670,1.5,7,Defender,Emerson Palmieri
Kepa,Arrizabalaga,Chelsea,1,0.6,47,270,44406,1.3,6,Goalkeeper,Kepa Arrizabalaga
N'Golo,Kanté,Chelsea,3,2.7,49,1478,205875,7.8,38,Midfielder,N'Golo Kanté
Hakim,Ziyech,Chelsea,3,2.8,81,449,1613171,4.3,35,Midfielder,Hakim Ziyech
Andreas,Christensen,Chelsea,2,0.2,47,405,9752,0.4,2,Defender,Andreas Christensen
Timo,Werner,Chelsea,4,12.1,92,1356,1438279,7.4,68,Forward,Timo Werner
Tammy,Abraham,Chelsea,4,3.9,72,777,418227,8.3,60,Forward,Tammy Abraham
Christian,Pulisic,Chelsea,3,2.3,82,692,418075,3.4,28,Midfielder,Christian Pulisic
Mason,Mount,Chelsea,3,5.1,68,1349,637099,8.5,58,Midfielder,Mason Mount
Fikayo,Tomori,Chelsea,2,0.2,47,45,7952,0,0,Defender,Fikayo Tomori
Callum,Hudson-Odoi,Chelsea,3,0.3,57,329,37343,4.4,25,Midfielder,Callum Hudson-Odoi
Reece,James,Chelsea,2,7.4,51,1083,1859100,10.8,55,Defender,Reece James
Billy,Gilmour,Chelsea,3,0.1,44,34,8717,0.5,2,Midfielder,Billy Gilmour
Benjamin,Chilwell,Chelsea,2,22.9,61,1170,3304554,12,73,Defender,Ben Chilwell
Thiago,Thiago,Chelsea,2,4.1,56,1062,412719,9.5,53,Defender,Thiago Silva
Kai,Havertz,Chelsea,3,2.7,82,813,553666,4.9,40,Midfielder,Kai Havertz
Edouard,Mendy,Chelsea,1,7.1,51,1170,911830,10,51,Goalkeeper,Edouard Mendy
Karlo,Ziger,Chelsea,1,0.7,40,0,62053,0,0,Goalkeeper,Karlo Ziger
Faustino,Anjorin,Chelsea,3,0,45,0,354,0,0,Midfielder,Faustino Anjorin
Michy,Batshuayi,Crystal Palace,4,0.6,57,422,57719,3.5,20,Forward,Michy Batshuayi
Gary,Cahill,Crystal Palace,2,0.1,45,450,13155,1.3,6,Defender,Gary Cahill
Wayne,Hennessey,Crystal Palace,1,0.3,43,0,6633,0,0,Goalkeeper,Wayne Hennessey
Mamadou,Sakho,Crystal Palace,2,0.2,44,275,26050,0.9,4,Defender,Mamadou Sakho
Vicente,Guaita,Crystal Palace,1,3.1,48,1620,394361,12.9,62,Goalkeeper,Vicente Guaita
James,Tomkins,Crystal Palace,2,0.1,45,297,6210,3.3,15,Defender,James Tomkins
James,McArthur,Crystal Palace,3,0.1,52,1285,6895,7.9,41,Midfielder,James McArthur
James,McCarthy,Crystal Palace,3,1.1,43,330,126686,2.3,10,Midfielder,James McCarthy
Christian,Benteke,Crystal Palace,4,0.7,55,614,108142,6.2,34,Forward,Christian Benteke
Cheikhou,Kouyaté,Crystal Palace,3,0.4,50,1592,80618,9.2,46,Midfielder,Cheikhou Kouyaté
Joel,Ward,Crystal Palace,2,0.8,43,810,79337,6.5,28,Defender,Joel Ward
Martin,Kelly,Crystal Palace,2,0.3,41,0,9387,0,0,Defender,Martin Kelly
Connor,Wickham,Crystal Palace,4,0.7,44,0,55618,0,0,Forward,Connor Wickham
Andros,Townsend,Crystal Palace,3,1.4,56,1200,391223,9.6,54,Midfielder,Andros Townsend
Luka,Milivojevic,Crystal Palace,3,0.2,56,902,8605,3.4,19,Midfielder,Luka Milivojević
Patrick,van Aanholt,Crystal Palace,2,0.5,54,828,126017,3.3,18,Defender,Patrick van Aanholt
Jordan,Ayew,Crystal Palace,4,1.5,56,761,139897,5.5,31,Forward,Jordan Ayew
Wilfried,Zaha,Crystal Palace,3,18.1,74,1430,3714574,12.4,92,Midfielder,Wilfried Zaha
Jeffrey,Schlupp,Crystal Palace,3,0.1,54,973,14361,8.1,44,Midfielder,Jeffrey Schlupp
Max,Meyer,Crystal Palace,3,0,47,0,2130,0,0,Midfielder,Max Meyer
Jairo,Riedewald,Crystal Palace,3,1.4,44,593,251759,6.4,28,Midfielder,Jairo Riedewald
Nathan,Ferguson,Crystal Palace,2,0.5,39,0,35791,0,0,Defender,Nathan Ferguson
Tyrick,Mitchell,Crystal Palace,2,17.1,39,810,1789759,7.9,31,Defender,Tyrick Mitchell
Brandon,Pierrick,Crystal Palace,3,0.1,44,0,8729,0,0,Midfielder,Brandon Pierrick
Scott,Dann,Crystal Palace,2,0.6,43,720,96671,5.3,23,Defender,Scott Dann
Eberechi,Eze,Crystal Palace,3,0.9,58,1048,144953,8.6,50,Midfielder,Eberechi Eze
Sam,Woods,Crystal Palace,2,0.6,40,0,61590,0,0,Defender,Sam Woods
Ryan,Inniss,Crystal Palace,2,0,40,0,4877,0,0,Defender,Ryan Inniss
Nathaniel,Clyne,Crystal Palace,2,0.3,45,791,55636,4.2,19,Defender,Nathaniel Clyne
Stephen,Henderson,Crystal Palace,1,0.5,40,0,51979,0,0,Goalkeeper,Stephen Henderson
Jack,Butland,Crystal Palace,1,0,45,0,4288,0,0,Goalkeeper,Jack Butland
Fabian,Delph,Everton,3,0,49,211,2230,1.2,6,Midfielder,Fabian Delph
Gylfi,Sigurdsson,Everton,3,1.8,68,895,166214,7.8,53,Midfielder,Gylfi Sigurðsson
Jonas,Lössl,Everton,1,0.1,43,0,3028,0,0,Goalkeeper,Jonas Lössl
Seamus,Coleman,Everton,2,0.6,48,572,199324,4.4,21,Defender,Seamus Coleman
Cenk,Tosun,Everton,4,0.1,60,44,7148,0.7,4,Forward,Cenk Tosun
Bernard,Anício Caldeira Duarte,Everton,3,0.1,58,271,10402,2.2,13,Midfielder,Bernard
Lucas,Digne,Everton,2,4.9,60,791,1268332,6.5,39,Defender,Lucas Digne
Michael,Keane,Everton,2,5.4,51,1415,689845,12.7,65,Defender,Michael Keane
Jordan,Pickford,Everton,1,5.8,48,1350,534849,9.6,46,Goalkeeper,Jordan Pickford
André Filipe,Tavares Gomes,Everton,3,0.2,53,570,22024,3.8,20,Midfielder,André Gomes
Alex,Iwobi,Everton,3,0.3,59,865,28560,7.3,43,Midfielder,Alex Iwobi
Jonjoe,Kenny,Everton,2,0.1,43,78,7581,1.2,5,Defender,Jonjoe Kenny
Jean-Philippe,Gbamin,Everton,3,0,50,0,365,0,0,Midfielder,Jean-Philippe Gbamin
Yerry,Mina,Everton,2,3.5,56,1350,364986,10,56,Defender,Yerry Mina
Tom,Davies,Everton,3,0.1,52,488,4375,3.3,17,Midfielder,Tom Davies
Dominic,Calvert-Lewin,Everton,4,33.6,77,1405,5023099,12.3,95,Forward,Dominic Calvert-Lewin
Mason,Holgate,Everton,2,1.3,48,711,157186,7.1,34,Defender,Mason Holgate
Richarlison,de Andrade,Everton,4,4,78,1010,617272,6.4,50,Forward,Séamus Coleman
João,Virgínia,Everton,1,0.1,43,0,1275,0,0,Goalkeeper,João Virgínia
Anthony,Gordon,Everton,3,0.9,43,87,110139,0.7,3,Midfielder,Anthony Gordon
Moise,Kean,Everton,4,0.2,57,13,8007,0.4,2,Forward,Moise Kean
Jarrad,Branthwaite,Everton,2,1.8,39,0,140344,0,0,Defender,Jarrad Branthwaite
Allan,Marques Loureiro,Everton,3,0.7,52,1028,81611,4,21,Midfielder,Allan
James,Rodríguez,Everton,3,8.6,77,952,3263096,6.8,52,Midfielder,James Rodríguez
Abdoulaye,Doucouré,Everton,3,0.9,53,1448,111747,8.5,45,Midfielder,Abdoulaye Doucouré
Niels,Nkounkou,Everton,2,0.2,40,68,32984,0.2,1,Defender,Niels Nkounkou
Ben,Godfrey,Everton,2,0.3,50,959,37053,5.8,29,Defender,Ben Godfrey
Robin,Olsen,Everton,1,0.1,45,180,6932,1.6,7,Goalkeeper,Robin Olsen
Ellis,Simms,Everton,4,0.1,45,0,10957,0,0,Forward,Ellis Simms
Ruben,Loftus-Cheek,Fulham,3,0.2,59,752,18112,5.1,30,Midfielder,Ruben Loftus-Cheek
Fabricio,Agosto Ramírez,Fulham,1,1.5,40,0,45775,0,0,Goalkeeper,Fabricio Agosto Ramírez
Kevin,McDonald,Fulham,3,0,47,0,934,0,0,Midfielder,Kevin McDonald
Maxime,Le Marchand,Fulham,2,0.1,42,122,3186,0.2,1,Defender,Maxime Le Marchand
Stefan,Johansen,Fulham,3,0,47,0,433,0,0,Midfielder,Stefan Johansen
Tom,Cairney,Fulham,3,0.1,52,758,10503,5.2,27,Midfielder,Tom Cairney
Tim,Ream,Fulham,2,0.1,42,450,7563,1.7,7,Defender,Tim Ream
Anthony,Knockaert,Fulham,3,0,50,0,1024,0,0,Midfielder,Anthony Knockaert
Michael,Hector,Fulham,2,0.1,42,262,7214,0,0,Defender,Michael Hector
Cyrus,Christie,Fulham,2,0,42,0,737,0,0,Defender,Cyrus Christie
Neeskens,Kebano,Fulham,3,0,47,116,2983,1.3,6,Midfielder,Neeskens Kebano
Bobby,Decordova-Reid,Fulham,4,1.1,53,1016,148691,8.7,46,Forward,Bobby Reid
Joe,Bryan,Fulham,2,0.3,46,341,14209,2.2,10,Defender,Joe Bryan
Marcus,Bettinelli,Fulham,1,0,43,0,889,0,0,Goalkeeper,Marcus Bettinelli
Aleksandar,Mitrović,Fulham,4,3.8,55,788,516770,6.2,34,Forward,Aleksandar Mitrović
Alfie,Mawson,Fulham,2,0,43,0,372,0,0,Defender,Alfie Mawson
Marek,Rodák,Fulham,1,0.3,43,90,12328,0.2,1,Goalkeeper,Marek Rodák
Ivan Ricardo,Neves Abreu Cavaleiro,Fulham,3,0.2,53,1053,18632,7.4,39,Midfielder,Ivan Cavaleiro
Josh,Onomah,Fulham,3,0,46,132,2588,0.9,4,Midfielder,Josh Onomah
Jean Michaël,Seri,Fulham,3,0,46,0,2945,0,0,Midfielder,Jean Michaël Seri
Aboubakar,Kamara,Fulham,3,0,48,281,4869,1.2,6,Midfielder,Aboubakar Kamara
André-Frank,Zambo Anguissa,Fulham,3,2.3,45,1283,389569,8.4,38,Midfielder,Andre-Frank Zambo Anguissa
Zeze Steven,Sessegnon,Fulham,2,0,43,0,661,0,0,Defender,Zeze Steven Sessegnon
Harrison,Reed,Fulham,3,0.6,44,803,80487,5.5,24,Midfielder,Harrison Reed
Antonee,Robinson,Fulham,2,0.3,44,1170,24225,7.5,33,Defender,Antonee Robinson
Mario,Lemina,Fulham,3,0.3,45,452,12642,2.9,13,Midfielder,Mario Lemina
Alphonse,Areola,Fulham,1,2.4,45,1350,199660,11.8,53,Goalkeeper,Alphonse Areola
Kenny,Tete,Fulham,2,0.1,43,194,6795,0.9,4,Defender,Kenny Tete
Denis,Odoi,Fulham,2,0.1,42,270,6748,0.2,1,Defender,Denis Odoi
Ademola,Lookman,Fulham,3,1.3,50,1030,214437,9.4,47,Midfielder,Ademola Lookman
Ola,Aina,Fulham,2,0.5,45,1170,61332,9.8,44,Defender,Ola Aina
Joachim,Andersen,Fulham,2,0,45,871,3844,6,27,Defender,Joachim Andersen
Tosin,Adarabioyo,Fulham,2,0.5,45,1080,45498,8.9,40,Defender,Tosin Adarabioyo
Terence,Kongolo,Fulham,2,0,43,0,607,0,0,Defender,Terence Kongolo
Wes,Morgan,Leicester,2,0.1,44,16,9148,0.7,3,Defender,Wes Morgan
Kasper,Schmeichel,Leicester,1,9.7,55,1530,392660,11.5,63,Goalkeeper,Kasper Schmeichel
Christian,Fuchs,Leicester,2,0.3,45,701,41671,5.3,24,Defender,Christian Fuchs
Jonny,Evans,Leicester,2,0.5,55,1159,59697,6.7,37,Defender,Jonny Evans
Adrien,Silva,Leicester,3,0.2,44,0,8539,0,0,Midfielder,Adrien Silva
Marc,Albrighton,Leicester,3,0.1,53,700,7087,4.7,25,Midfielder,Marc Albrighton
Matty,James,Leicester,3,0.3,43,0,29762,0,0,Midfielder,Matty James
Danny,Ward,Leicester,1,0.2,44,0,3334,0,0,Goalkeeper,Danny Ward
Jamie,Vardy,Leicester,4,28,101,1299,3131460,11.1,112,Forward,Jamie Vardy
Dennis,Praet,Leicester,3,0.2,52,651,79371,6.7,35,Midfielder,Dennis Praet
Ricardo Domingos,Barbosa Pereira,Leicester,2,0.1,59,0,6668,0,0,Defender,Ricardo Domingos Barbosa Pereira
Daniel,Amartey,Leicester,2,1,39,264,72264,0.8,3,Defender,Daniel Amartey
Youri,Tielemans,Leicester,3,2.1,64,1473,280627,9.2,59,Midfielder,Youri Tielemans
Ayoze,Pérez,Leicester,3,0.7,60,536,44980,4,24,Midfielder,Ayoze Pérez
Demarai,Gray,Leicester,3,0.1,52,18,2567,0.2,1,Midfielder,Demarai Gray
James,Maddison,Leicester,3,5.1,71,960,872671,9.2,65,Midfielder,James Maddison
Kelechi,Iheanacho,Leicester,4,0.3,56,232,16155,1.4,8,Forward,Kelechi Iheanacho
Hamza,Choudhury,Leicester,3,0.1,47,69,2746,0.4,2,Midfielder,Hamza Choudhury
Harvey,Barnes,Leicester,3,4.3,68,1189,807167,9.6,65,Midfielder,Harvey Barnes
Wilfred,Ndidi,Leicester,3,0.6,48,640,31743,3.5,17,Midfielder,Wilfred Ndidi
Filip,Benkovic,Leicester,2,0,43,0,293,0,0,Defender,Filip Benkovic
Çaglar,Söyüncü,Leicester,2,2.7,53,371,106985,1.7,9,Defender,Çağlar Söyüncü
James,Justin,Leicester,2,24.4,50,1530,2204167,12.2,61,Defender,James Justin
Luke,Thomas,Leicester,2,0.2,42,270,10432,1,4,Defender,Luke Thomas
Timothy,Castagne,Leicester,2,4.8,57,779,1644881,6.8,39,Defender,Timothy Castagne
Nampalys,Mendy,Leicester,3,2.1,44,1104,392437,6.8,30,Midfielder,Nampalys Mendy
Cengiz,Ünder,Leicester,3,0.1,57,203,14205,2.3,13,Midfielder,Cengiz Ünder
Wesley,Fofana,Leicester,2,0.7,50,1080,104137,8,40,Defender,Wesley Fofana
Islam,Slimani,Leicester,4,0.1,49,19,11097,0.2,1,Forward,Islam Slimani
Pablo,Hernández Domínguez,Leeds,3,0.3,57,237,21077,2.8,16,Midfielder,Pablo Hernández
Francisco,Casilla Cortés,Leeds,1,0.9,42,0,24145,0,0,Goalkeeper,Francisco Casilla Cortés
Liam,Cooper,Leeds,2,0.4,43,971,50785,6.3,27,Defender,Liam Cooper
Barry,Douglas,Leeds,2,4.5,38,0,248775,0,0,Defender,Barry Douglas
Luke,Ayling,Leeds,2,3.1,45,1509,318119,9.6,43,Defender,Luke Ayling
Mateusz,Klich,Leeds,3,4.8,55,1401,1054324,12,66,Midfielder,Mateusz Klich
Adam,Forshaw,Leeds,3,0,48,0,348,0,0,Midfielder,Adam Forshaw
Stuart,Dallas,Leeds,2,14.9,48,1520,1414637,14.8,71,Defender,Stuart Dallas
Ezgjan,Alioski,Leeds,2,3.1,45,971,327861,11.8,53,Defender,Ezgjan Alioski
Patrick,Bamford,Leeds,4,48.8,66,1456,5061463,15.3,101,Forward,Patrick Bamford
Jack,Harrison,Leeds,3,2.5,54,1309,486754,12.4,67,Midfielder,Jack Harrison
Kalvin,Phillips,Leeds,3,1.1,49,1215,191900,7.1,35,Midfielder,Kalvin Phillips
Hélder Wander,Sousa de Azevedo e Costa,Leeds,3,2.8,51,677,1050687,7.1,36,Midfielder,Hélder Costa
Tyler,Roberts,Leeds,3,0.1,47,237,4323,1.7,8,Midfielder,Tyler Roberts
Jay-Roy,Grot,Leeds,3,0,47,0,1137,0,0,Midfielder,Jay-Roy Grot
Kamil,Miazek,Leeds,1,1,40,0,22726,0,0,Goalkeeper,Kamil Miazek
Ian Carlo,Poveda-Ocampo,Leeds,3,0.4,43,230,55082,2.1,9,Midfielder,Ian Carlo Poveda
Jamie,Shackleton,Leeds,3,0,48,296,1733,2.3,11,Midfielder,Jamie Shackleton
Pascal,Struijk,Leeds,2,4.3,39,569,423410,4.1,16,Defender,Pascal Struijk
Jordan,Stevens,Leeds,3,0.5,43,0,18869,0,0,Midfielder,Jordan Stevens
Illan,Meslier,Leeds,1,6.7,46,1530,695884,15.2,70,Goalkeeper,Illan Meslier
Leif,Davis,Leeds,2,1.3,39,31,82975,0.5,2,Defender,Leif Davis
Oliver,Casey,Leeds,2,1.2,39,0,107096,0,0,Defender,Oliver Casey
Robin,Koch,Leeds,2,0.3,44,908,52571,7.3,32,Defender,Robin Koch
Rodrigo,Moreno,Leeds,4,3.3,57,814,313894,8.4,48,Forward,Rodrigo
Elia,Caprile,Leeds,1,0.3,40,0,32083,0,0,Goalkeeper,Elia Caprile
Mateusz,Bogusz,Leeds,3,0,43,0,2808,0,0,Midfielder,Mateusz Bogusz
Diego,Llorente,Leeds,2,0,44,81,3343,0,0,Defender,Diego Llorente
Raphael,Dias Belloli,Leeds,3,1.8,55,833,233190,7.3,40,Midfielder,Raphael Dias Belloli
Jack,Jenkins,Leeds,3,0,45,0,1481,0,0,Midfielder,Jack Jenkins
Niall,Huggins,Leeds,4,0,45,0,1578,0,0,Forward,Niall Huggins
Charlie,Cresswell,Leeds,2,0,40,0,2565,0,0,Defender,Charlie Cresswell
James,Milner,Liverpool,3,0.1,53,342,16226,4.3,23,Midfielder,James Milner
Konstantinos,Tsimikas,Liverpool,2,0,49,0,1716,0,0,Defender,Konstantinos Tsimikas
Georginio,Wijnaldum,Liverpool,3,1.5,53,1351,140670,8.5,45,Midfielder,Georginio Wijnaldum
Jordan,Henderson,Liverpool,3,1.6,54,1135,130372,7.8,42,Midfielder,Jordan Henderson
Adrián,San Miguel del Castillo,Liverpool,1,0.4,42,180,51651,0.5,2,Goalkeeper,Adrián
Joel,Matip,Liverpool,2,0.7,54,555,265034,7.4,40,Defender,Joël Matip
Xherdan,Shaqiri,Liverpool,3,0.1,64,85,3026,0.9,6,Midfielder,Xherdan Shaqiri
Alex,Oxlade-Chamberlain,Liverpool,3,0,63,78,4181,1,6,Midfielder,Alex Oxlade-Chamberlain
Roberto,Firmino,Liverpool,4,5,93,1393,499854,7.5,70,Forward,Roberto Firmino
Virgil,van Dijk,Liverpool,2,6.8,63,370,382112,2.4,15,Defender,Virgil van Dijk
Sadio,Mané,Liverpool,3,7.4,119,1329,1323543,7,83,Midfielder,Sadio Mané
Alisson,Ramses Becker,Liverpool,1,6.8,59,1260,377421,9.2,54,Goalkeeper,Alisson
Fabio Henrique,Tavares,Liverpool,3,1,54,1292,101305,6.9,37,Midfielder,Fabinho
Mohamed,Salah,Liverpool,3,39.7,125,1348,3672468,10,125,Midfielder,Mohamed Salah
Andrew,Robertson,Liverpool,2,21.3,74,1530,1955112,10.8,80,Defender,Andrew Robertson
Divock,Origi,Liverpool,4,0.6,52,8,24576,0.6,3,Forward,Divock Origi
Harry,Wilson,Liverpool,3,0,51,0,501,0,0,Midfielder,Harry Wilson
Takumi,Minamino,Liverpool,3,0.2,60,283,12802,2.7,16,Midfielder,Takumi Minamino
Trent,Alexander-Arnold,Liverpool,2,13.8,73,1215,629761,6.2,45,Defender,Trent Alexander-Arnold
Joseph,Gomez,Liverpool,2,1.2,52,589,109105,1.9,10,Defender,Joe Gomez
Naby,Keita,Liverpool,3,0.2,52,394,16490,2.3,12,Midfielder,Naby Keïta
Curtis,Jones,Liverpool,3,1.4,44,668,190152,4.5,20,Midfielder,Curtis Jones
Neco,Williams,Liverpool,2,4.4,39,171,379653,2.1,8,Defender,Neco Williams
Harvey,Elliott,Liverpool,3,0.1,43,0,12369,0,0,Midfielder,Harvey Elliott
Diogo,Jota,Liverpool,3,2.7,66,499,2470217,7.1,47,Midfielder,Diogo Jota
Thiago,Alcántara do Nascimento,Liverpool,3,1.2,57,242,348234,0.9,5,Midfielder,Thiago Alcántara
Caoimhin,Kelleher,Liverpool,1,0.1,45,90,30113,1.6,7,Goalkeeper,Caoimhin Kelleher
Nathaniel,Phillips,Liverpool,2,0.7,40,270,131249,2.2,9,Defender,Nathaniel Phillips
Rhys,Williams,Liverpool,2,0.4,40,120,52518,0.8,3,Defender,Rhys Williams
Leighton,Clarkson,Liverpool,3,0,45,0,320,0,0,Midfielder,Leighton Clarkson
Jake,Cain,Liverpool,3,0,45,0,185,0,0,Midfielder,Jake Cain
Fernando,Luiz Rosa,Man City,2,0.7,54,337,52619,2.4,13,Defender,Fernandinho
Claudio,Bravo,Man City,1,0,45,0,448,0,0,Goalkeeper,Claudio Bravo
Sergio,Agüero,Man City,4,1.3,103,140,286437,0.6,6,Forward,Sergio Agüero
Nicolás,Otamendi,Man City,2,0.2,49,0,5375,0,0,Defender,Nicolás Otamendi
Kyle,Walker,Man City,2,6,61,992,941688,9,55,Defender,Kyle Walker
Ilkay,Gündogan,Man City,3,2.8,55,824,269296,8.7,48,Midfielder,İlkay Gündoğan
Kevin,De Bruyne,Man City,3,29.2,118,1277,3880256,7.4,87,Midfielder,Kevin De Bruyne
John,Stones,Man City,2,9,50,720,777813,8.8,44,Defender,John Stones
Benjamin,Mendy,Man City,2,1.5,59,504,164078,4.1,24,Defender,Benjamin Mendy
Riyad,Mahrez,Man City,3,3.6,81,834,1479167,7,57,Midfielder,Riyad Mahrez
Raheem,Sterling,Man City,3,4.3,114,1187,1001338,6.6,75,Midfielder,Raheem Sterling
João Pedro Cavaco,Cancelo,Man City,2,12.4,58,1080,1224435,10.5,61,Defender,João Cancelo
Ederson,Santana de Moraes,Man City,1,6.5,60,1350,428618,10.5,63,Goalkeeper,Ederson
Nathan,Aké,Man City,2,3,54,469,261624,3.9,21,Defender,Nathan Aké
Aymeric,Laporte,Man City,2,2.2,60,360,140782,2,12,Defender,Aymeric Laporte
Bernardo Mota,Veiga de Carvalho e Silva,Man City,3,0.7,74,732,69589,3,22,Midfielder,Bernardo Silva
Gabriel Fernando,de Jesus,Man City,4,1.3,91,653,392593,3.2,29,Forward,Gabriel Jesus
Oleksandr,Zinchenko,Man City,2,0.3,55,192,12816,2,11,Defender,Oleksandr Zinchenko
Phil,Foden,Man City,3,8.9,63,668,1405588,9.4,59,Midfielder,Phil Foden
Tommy,Doyle,Man City,3,0.1,44,0,6557,0,0,Midfielder,Tommy Doyle
Rodrigo,Hernandez,Man City,3,0.4,54,1361,39908,6.1,33,Midfielder,Rodri
Ferran,Torres,Man City,3,1.1,69,566,244919,4.8,33,Midfielder,Ferrán Torres
Eric,Garcia,Man City,2,0.2,47,200,9937,0.6,3,Defender,Eric Garcia
Adrián,Bernabé,Man City,3,0,45,0,1176,0,0,Midfielder,Adrián Bernabé
Zack,Steffen,Man City,1,0.1,44,90,22621,0.5,2,Goalkeeper,Zack Steffen
Liam,Delap,Man City,4,1.1,44,39,219435,0.2,1,Forward,Liam Delap
Cole,Palmer,Man City,3,0,44,0,1299,0,0,Midfielder,Cole Palmer
Rúben Santos,Gato Alves Dias,Man City,2,10.4,58,1239,999604,10.2,59,Defender,Rúben Dias
James,Trafford,Man City,1,0.1,40,0,11286,0,0,Goalkeeper,James Trafford
Scott,Carson,Man City,1,0,40,0,3068,0,0,Goalkeeper,Scott Carson
Felix,Nmecha,Man City,3,0,45,0,134,0,0,Midfielder,Felix Nmecha
Luke,Mbete,Man City,2,0,40,0,256,0,0,Defender,Luke Mbete
Taylor,Harwood-Bellis,Man City,2,0,40,0,226,0,0,Defender,Taylor Harwood-Bellis
Sergio,Romero,Man Utd,1,0.1,49,0,502,0,0,Goalkeeper,Sergio Romero
Juan,Mata,Man Utd,3,0.1,58,334,10523,3.3,19,Midfielder,Juan Mata
David,de Gea,Man Utd,1,4.6,53,1305,274110,9.1,48,Goalkeeper,David de Gea
Chris,Smalling,Man Utd,2,0.1,49,0,1908,0,0,Defender,Chris Smalling
Odion,Ighalo,Man Utd,4,0.2,61,9,7380,0.2,1,Forward,Odion Ighalo
Marcos,Rojo,Man Utd,2,0,48,0,958,0,0,Defender,Marcos Rojo
Nemanja,Matic,Man Utd,3,0.2,48,639,15028,4.2,20,Midfielder,Nemanja Matić
Paul,Pogba,Man Utd,3,1.7,77,947,157088,6.2,48,Midfielder,Paul Pogba
Phil,Jones,Man Utd,2,0,48,0,535,0,0,Defender,Phil Jones
Harry,Maguire,Man Utd,2,4.3,54,1530,338293,9.6,52,Defender,Harry Maguire
Frederico,Rodrigues de Paula Santos,Man Utd,3,0.2,53,912,19377,4.3,23,Midfielder,Fred
Luke,Shaw,Man Utd,2,1.6,48,1070,187767,7.5,36,Defender,Luke Shaw
Jesse,Lingard,Man Utd,3,0.1,59,0,5794,0,0,Midfielder,Jesse Lingard
Bruno Miguel,Borges Fernandes,Man Utd,3,52.9,113,1387,4377772,11.7,132,Midfielder,Bruno Fernandes
Anthony,Martial,Man Utd,4,6.2,88,913,926636,5.1,45,Forward,Anthony Martial
Andreas,Pereira,Man Utd,3,0,48,0,965,0,0,Midfielder,Andreas Pereira
Dean,Henderson,Man Utd,1,1.4,52,225,15672,1,5,Goalkeeper,Dean Henderson
Marcus,Rashford,Man Utd,3,12.6,96,1442,1730819,9.4,90,Midfielder,Marcus Rashford
Axel,Tuanzebe,Man Utd,2,0.1,42,49,17819,0.5,2,Defender,Axel Tuanzebe
Victor,Lindelöf,Man Utd,2,1.3,48,1145,139953,9,43,Defender,Victor Lindelöf
Scott,McTominay,Man Utd,3,1.3,49,920,147768,8.8,43,Midfielder,Scott McTominay
Eric,Bailly,Man Utd,2,0.6,49,458,56964,3.5,17,Defender,Eric Bailly
Daniel,James,Man Utd,3,0.2,62,323,11955,1.8,11,Midfielder,Daniel James
Timothy,Fosu-Mensah,Man Utd,2,0.1,43,80,5027,0,0,Defender,Timothy Fosu-Mensah
Aaron,Wan-Bissaka,Man Utd,2,9.6,54,1350,716695,10.2,55,Defender,Aaron Wan-Bissaka
José Diogo,Dalot Teixeira,Man Utd,2,0,48,0,463,0,0,Defender,José Diogo Dalot Teixeira
Mason,Greenwood,Man Utd,3,2,71,628,312795,3.4,24,Midfielder,Mason Greenwood
Tahith,Chong,Man Utd,3,0,44,0,796,0,0,Midfielder,Tahith Chong
James,Garner,Man Utd,3,0,44,0,2396,0,0,Midfielder,James Garner
Brandon,Williams,Man Utd,2,0.6,42,6,23824,0.2,1,Defender,Brandon Williams
Teden,Mengi,Man Utd,2,0.9,39,0,70274,0,0,Defender,Teden Mengi
Donny,van de Beek,Man Utd,3,1.5,66,250,165049,2.4,16,Midfielder,Donny van de Beek
Alex Nicolao,Telles,Man Utd,2,1,55,428,254994,2.7,15,Defender,Alex Telles
Edinson,Cavani,Man Utd,4,2.4,78,386,508846,4.1,32,Forward,Edinson Cavani
Facundo,Pellistri,Man Utd,3,0,52,0,1062,0,0,Midfielder,Facundo Pellistri
Lee,Grant,Man Utd,1,0.1,40,0,6624,0,0,Goalkeeper,Lee Grant
Andy,Carroll,Newcastle,4,0.4,52,221,64307,4,21,Forward,Andy Carroll
Jonjo,Shelvey,Newcastle,3,0.1,53,726,8993,3.2,17,Midfielder,Jonjo Shelvey
Matt,Ritchie,Newcastle,3,0.1,49,526,4007,2.4,12,Midfielder,Matt Ritchie
Federico,Fernández,Newcastle,2,1,47,1381,95902,7.2,34,Defender,Federico Fernández
Ciaran,Clark,Newcastle,2,0.4,45,810,51695,5.6,25,Defender,Ciaran Clark
Karl,Darlow,Newcastle,1,2.4,50,1530,322427,12.6,63,Goalkeeper,Karl Darlow
Martin,Dubravka,Newcastle,1,0.2,48,0,7016,0,0,Goalkeeper,Martin Dubravka
Florian,Lejeune,Newcastle,2,0,43,0,370,0,0,Defender,Florian Lejeune
Jamaal,Lascelles,Newcastle,2,0.9,42,672,83509,3.3,14,Defender,Jamaal Lascelles
Dwight,Gayle,Newcastle,4,0,59,60,4942,1.9,11,Forward,Dwight Gayle
Christian,Atsu,Newcastle,3,0,52,0,924,0,0,Midfielder,Christian Atsu
Paul,Dummett,Newcastle,2,0,44,151,955,0.9,4,Defender,Paul Dummett
Javier,Manquillo,Newcastle,2,0.2,43,459,19541,3.7,16,Defender,Javier Manquillo
Emil,Krafth,Newcastle,2,0.1,43,287,2539,1.4,6,Defender,Emil Krafth
Fabian,Schär,Newcastle,2,0.1,49,771,13433,3.3,16,Defender,Fabian Schär
DeAndre,Yedlin,Newcastle,2,0.4,43,435,32487,3,13,Defender,DeAndre Yedlin
Isaac,Hayden,Newcastle,3,0.1,47,1000,4527,4,19,Midfielder,Isaac Hayden
Rolando,Aarons,Newcastle,3,0,48,0,1550,0,0,Midfielder,Rolando Aarons
Allan,Saint-Maximin,Newcastle,3,2.5,51,582,306259,5.5,28,Midfielder,Allan Saint-Maximin
Miguel,Almirón,Newcastle,3,0.4,56,839,41520,6.2,35,Midfielder,Miguel Almirón
Joelinton Cássio,Apolinário de Lira,Newcastle,4,0.6,57,948,86685,6.3,36,Forward,Joelinton
Yoshinori,Muto,Newcastle,4,0.1,48,0,5727,0,0,Forward,Yoshinori Muto
Kelland,Watts,Newcastle,2,0.2,39,0,8060,0,0,Defender,Kelland Watts
Sean,Longstaff,Newcastle,3,0.1,47,824,7730,4.5,21,Midfielder,Sean Longstaff
Jeff,Hendrick,Newcastle,3,1.9,46,911,526775,8.7,40,Midfielder,Jeff Hendrick
Matthew,Longstaff,Newcastle,3,0,49,299,1192,1.6,8,Midfielder,Matthew Longstaff
Mark,Gillespie,Newcastle,1,0.1,44,0,2270,0,0,Goalkeeper,Mark Gillespie
Jacob,Murphy,Newcastle,3,0.1,49,652,7887,5.5,27,Midfielder,Jacob Murphy
Callum,Wilson,Newcastle,4,19.9,66,1327,3067164,13.3,88,Forward,Callum Wilson
Ryan,Fraser,Newcastle,3,0.2,56,315,15590,3,17,Midfielder,Ryan Fraser
Jamal,Lewis,Newcastle,2,1.6,43,1017,370372,5.3,23,Defender,Jamal Lewis
Elliot,Anderson,Newcastle,3,0,45,0,2089,0,0,Midfielder,Elliot Anderson
Daniel,Langley,Newcastle,1,0.1,40,0,7573,0,0,Goalkeeper,Daniel Langley
Rhian,Brewster,Sheffield Utd,4,7.9,45,633,1066093,4,18,Forward,Rhian Brewster
Billy,Sharp,Sheffield Utd,4,0.1,55,219,10246,3.1,17,Forward,Billy Sharp
David,McGoldrick,Sheffield Utd,4,2,52,1011,254311,9.4,49,Forward,David McGoldrick
Chris,Basham,Sheffield Utd,2,0.7,46,1476,34663,5.9,27,Defender,Chris Basham
John,Fleck,Sheffield Utd,3,0.1,56,874,9226,4.3,24,Midfielder,John Fleck
Enda,Stevens,Sheffield Utd,2,1,50,1260,19984,3.4,17,Defender,Enda Stevens
Simon,Moore,Sheffield Utd,1,0.1,43,0,1757,0,0,Goalkeeper,Simon Moore
Oliver,Norwood,Sheffield Utd,3,0.1,46,651,10126,3.7,17,Midfielder,Oliver Norwood
Wes,Foderingham,Sheffield Utd,1,0.1,43,0,2016,0,0,Goalkeeper,Wes Foderingham
George,Baldock,Sheffield Utd,2,1,50,1440,46379,5,25,Defender,George Baldock
Jack,Robinson,Sheffield Utd,2,0.1,43,605,9791,3,13,Defender,Jack Robinson
John,Egan,Sheffield Utd,2,2.1,47,1451,36380,4.7,22,Defender,John Egan
Jack,O'Connell,Sheffield Utd,2,0.1,47,180,3826,0.6,3,Defender,Jack O'Connell
John,Lundstram,Sheffield Utd,3,1.5,49,855,41453,3.9,19,Midfielder,John Lundstram
Ben,Osborn,Sheffield Utd,3,0,48,765,1448,4,19,Midfielder,Ben Osborn
Oliver,McBurnie,Sheffield Utd,4,0.2,56,821,16357,5,28,Forward,Oliver McBurnie
Lys,Mousset,Sheffield Utd,4,0.1,58,199,4026,1.4,8,Forward,Lys Mousset
Sander,Berge,Sheffield Utd,3,0.1,49,1015,22596,5.9,29,Midfielder,Sander Berge
Oliver,Burke,Sheffield Utd,3,2.1,43,667,297274,4.2,18,Midfielder,Oliver Burke
Luke,Freeman,Sheffield Utd,3,0,50,0,672,0,0,Midfielder,Luke Freeman
Aaron,Ramsdale,Sheffield Utd,1,2,47,1620,85906,9.8,46,Goalkeeper,Aaron Ramsdale
Ethan,Ampadu,Sheffield Utd,2,0.5,43,970,33925,6,26,Defender,Ethan Ampadu
Jayden,Bogle,Sheffield Utd,2,0.1,43,216,5586,3,13,Defender,Jayden Bogle
Max,Lowe,Sheffield Utd,2,0.1,43,413,2339,1.6,7,Defender,Max Lowe
Phil,Jagielka,Sheffield Utd,2,0.5,39,142,58496,0.3,1,Defender,Phil Jagielka
Michael,Verrips,Sheffield Utd,1,0.4,40,0,36632,0,0,Goalkeeper,Michael Verrips
Kean,Bryan,Sheffield Utd,2,0.2,39,152,34665,0.8,3,Defender,Kean Bryan
Antwoine,Hackford,Sheffield Utd,4,0,45,10,3701,0.2,1,Forward,Antwoine Hackford
Theo,Walcott,Southampton,3,0.9,58,1019,156990,8.8,51,Midfielder,Theo Walcott
Shane,Long,Southampton,4,0.6,51,183,50243,2.2,11,Forward,Shane Long
Ryan,Bertrand,Southampton,2,1.1,50,1428,92652,10.8,54,Defender,Ryan Bertrand
Alex,McCarthy,Southampton,1,19.6,47,1440,1142589,15.1,71,Goalkeeper,Alex McCarthy
Oriol,Romeu Vidal,Southampton,3,3.5,45,1305,490076,9.3,42,Midfielder,Oriol Romeu
Nathan,Redmond,Southampton,3,0.2,64,396,21970,2.8,18,Midfielder,Nathan Redmond
Danny,Ings,Southampton,4,6.7,83,1055,1200476,8.8,73,Forward,Danny Ings
Jack,Stephens,Southampton,2,0.3,46,585,15655,6.7,31,Defender,Jack Stephens
Stuart,Armstrong,Southampton,3,0.5,55,1124,92628,9.5,52,Midfielder,Stuart Armstrong
Jannik,Vestergaard,Southampton,2,4.2,48,1125,1396128,13.1,63,Defender,Jannik Vestergaard
James,Ward-Prowse,Southampton,3,11.8,62,1530,1935488,12.7,79,Midfielder,James Ward-Prowse
Angus,Gunn,Southampton,1,0.1,43,0,2876,0,0,Goalkeeper,Angus Gunn
Sofiane,Boufal,Southampton,3,0,54,0,624,0,0,Midfielder,Sofiane Boufal
Josh,Sims,Southampton,3,0.1,43,0,10606,0,0,Midfielder,Josh Sims
Kyle,Walker-Peters,Southampton,2,13.5,48,1530,1070151,14.4,69,Defender,Kyle Walker-Peters
Jan,Bednarek,Southampton,2,12.7,49,1440,1155410,16.1,79,Defender,Jan Bednarek
Che,Adams,Southampton,4,6.3,60,1346,1116528,11.7,70,Forward,Che Adams
Yan,Valery,Southampton,2,0.1,47,8,1750,0.2,1,Defender,Yan Valery
William,Smallbone,Southampton,3,0.2,44,111,24200,0.7,3,Midfielder,William Smallbone
Jake,Vokins,Southampton,2,1.3,39,0,63814,0,0,Defender,Jake Vokins
Michael,Obafemi,Southampton,4,0.9,46,13,61842,0.2,1,Forward,Michael Obafemi
Moussa,Djenepo,Southampton,3,0.1,54,694,17352,5.6,30,Midfielder,Moussa Djenepo
Mohammed,Salisu,Southampton,2,0.1,43,0,1436,0,0,Defender,Mohammed Salisu
Fraser,Forster,Southampton,1,5.7,40,90,475854,1.5,6,Goalkeeper,Fraser Forster
Nathan,Tella,Southampton,3,0.4,44,155,52480,1.1,5,Midfielder,Nathan Tella
Ibrahima,Diallo,Southampton,3,0,45,204,4249,2.4,11,Midfielder,Ibrahima Diallo
Daniel,N'Lundulu,Southampton,4,0.2,45,30,27979,1.3,6,Forward,Daniel N'Lundulu
Kayne,Ramsay,Southampton,2,0.1,40,0,5626,0,0,Defender,Kayne Ramsay
Kgaogelo,Chauke,Southampton,3,0,45,0,61,0,0,Midfielder,Kgaogelo Chauke
Harry,Lewis,Southampton,1,0,40,0,1193,0,0,Goalkeeper,Harry Lewis
Hugo,Lloris,Spurs,1,7.7,56,1530,574830,13.6,76,Goalkeeper,Hugo Lloris
Danny,Rose,Spurs,2,0.1,47,0,3530,0,0,Defender,Danny Rose
Moussa,Sissoko,Spurs,3,0.5,48,1146,42558,6.7,32,Midfielder,Moussa Sissoko
Toby,Alderweireld,Spurs,2,2,54,980,139695,8.7,47,Defender,Toby Alderweireld
Erik,Lamela,Spurs,3,0.1,57,208,10363,1.8,10,Midfielder,Érik Lamela
Harry,Kane,Spurs,4,42.9,111,1519,3907611,12,133,Forward,Harry Kane
Serge,Aurier,Spurs,2,1.9,52,783,242072,7.3,38,Defender,Serge Aurier
Heung-Min,Son,Spurs,3,58.9,98,1436,5858884,13.7,134,Midfielder,Son Heung-min
Eric,Dier,Spurs,2,5.6,51,1440,608971,10.4,53,Defender,Eric Dier
Lucas,Rodrigues Moura da Silva,Spurs,3,1.1,67,456,80472,3.4,23,Midfielder,Lucas Moura
Paulo,Gazzaniga,Spurs,1,0.2,43,0,4720,0,0,Goalkeeper,Paulo Gazzaniga
Bamidele,Alli,Spurs,3,0.5,74,74,21127,0.5,4,Midfielder,Dele Alli
Ben,Davies,Spurs,2,0.9,46,677,95347,7,32,Defender,Ben Davies
Pierre-Emile,Højbjerg,Spurs,3,0.9,49,1530,105785,8,39,Midfielder,Pierre Højbjerg
Harry,Winks,Spurs,3,0.1,52,521,4601,1.9,10,Midfielder,Harry Winks
Davinson,Sánchez,Spurs,2,0.7,52,540,28530,1.5,8,Defender,Davinson Sánchez
Ryan,Sessegnon,Spurs,2,0.1,47,0,1044,0,0,Defender,Ryan Sessegnon
Steven,Bergwijn,Spurs,3,0.4,70,678,25896,3.6,25,Midfielder,Steven Bergwijn
Gedson,Carvalho Fernandes,Spurs,3,0.1,47,0,2932,0,0,Midfielder,Gedson Carvalho Fernandes
Japhet,Tanganga,Spurs,2,0,49,0,1243,0,0,Defender,Japhet Tanganga
Giovani,Lo Celso,Spurs,3,0.4,69,433,13282,2.9,20,Midfielder,Giovani Lo Celso
Oliver,Skipp,Spurs,3,0,44,0,1836,0,0,Midfielder,Oliver Skipp
Tanguy,Ndombele,Spurs,3,0.5,59,881,63685,8.1,48,Midfielder,Tanguy Ndombele
Juan,Foyth,Spurs,2,0.1,43,0,1527,0,0,Defender,Juan Foyth
Matt,Doherty,Spurs,2,4.7,57,705,205334,5.1,29,Defender,Matt Doherty
Joe,Hart,Spurs,1,0.6,43,0,11021,0,0,Goalkeeper,Joe Hart
Cameron,Carter-Vickers,Spurs,2,0.2,39,0,18682,0,0,Defender,Cameron Carter-Vickers
Sergio,Reguilón,Spurs,2,6,57,969,828508,8.9,51,Defender,Sergio Reguilón
Gareth,Bale,Spurs,3,0.3,93,160,158011,1.5,14,Midfielder,Gareth Bale
Carlos Vinicius,Alves Morais,Spurs,4,0.1,69,24,7591,0.4,3,Forward,Carlos Vinícius
Joe,Rodon,Spurs,2,0,50,101,3059,1.8,9,Defender,Joe Rodon
David,Button,West Brom,1,4.1,40,0,170748,0,0,Goalkeeper,David Button
Callum,Robinson,West Brom,4,0.6,54,841,152456,6.9,37,Forward,Callum Robinson
Kieran,Gibbs,West Brom,2,0.2,43,450,8934,0.5,2,Defender,Kieran Gibbs
Hal,Robson-Kanu,West Brom,4,0.1,52,137,8048,1,5,Forward,Hal Robson-Kanu
Jake,Livermore,West Brom,3,0.1,47,771,4809,2.6,12,Midfielder,Jake Livermore
Kamil,Grosicki,West Brom,3,0,53,10,668,0.2,1,Midfielder,Kamil Grosicki
Matt,Phillips,West Brom,3,0.1,51,641,4118,4.5,23,Midfielder,Matt Phillips
Kyle,Bartley,West Brom,2,0.1,44,744,15030,4.3,19,Defender,Kyle Bartley
Romaine,Sawyers,West Brom,3,0,48,1139,2304,5.2,25,Midfielder,Romaine Sawyers
Ahmed El-Sayed,Hegazy,West Brom,2,0.1,41,90,13002,1.5,6,Defender,Ahmed Hegazi
Charlie,Austin,West Brom,4,0.2,51,135,16168,1,5,Forward,Charlie Austin
Kenneth,Zohore,West Brom,4,0,48,0,2972,0,0,Forward,Kenneth Zohore
Sam,Johnstone,West Brom,1,2.8,45,1530,296044,12,54,Goalkeeper,Sam Johnstone
Conor,Townsend,West Brom,2,0.1,44,704,12158,5.5,24,Defender,Conor Townsend
Oluwasemilogo Adesewo Ibidapo,Ajayi,West Brom,2,0.2,48,1440,18711,6.5,31,Defender,Semi Ajayi
Jonathan,Leko,West Brom,3,0,45,0,1430,0,0,Midfielder,Jonathan Leko
Kyle,Edwards,West Brom,3,0,47,114,844,1.1,5,Midfielder,Kyle Edwards
Darnell,Furlong,West Brom,2,0.3,45,1418,43763,8.4,38,Defender,Darnell Furlong
Sam,Field,West Brom,3,0,48,61,756,0.6,3,Midfielder,Sam Field
Dara,O'Shea,West Brom,2,0.2,43,1000,9737,2.6,11,Defender,Dara O'Shea
Rekeem,Harper,West Brom,3,0.6,43,30,62324,0.5,2,Midfielder,Rekeem Harper
Robert,Snodgrass,West Brom,3,0.1,57,4,2289,0.5,3,Midfielder,Robert Snodgrass
Grady,Diangana,West Brom,3,0.2,51,1068,44700,6.5,33,Midfielder,Grady Diangana
Matheus,Pereira,West Brom,3,0.6,56,921,217896,6.1,34,Midfielder,Matheus Pereira
Cedric,Kipre,West Brom,2,0,43,0,1016,0,0,Defender,Cedric Kipre
Branislav,Ivanovic,West Brom,2,0.1,45,741,18543,4,18,Defender,Branislav Ivanović
Conor,Gallagher,West Brom,3,0.1,55,1159,17260,6.5,36,Midfielder,Conor Gallagher
Filip,Krovinovic,West Brom,3,0,49,541,1511,3.5,17,Midfielder,Filip Krovinović
Karlan,Grant,West Brom,4,0,58,857,11646,5,29,Forward,Karlan Grant
Lee,Peltier,West Brom,2,0.1,40,93,7393,0,0,Defender,Lee Peltier
Cheikh,Diaby,West Brom,4,0,45,0,3291,0,0,Forward,Cheikh Diaby
Mark,Noble,West Ham,3,0.4,46,223,12206,2,9,Midfielder,Mark Noble
David,Martin,West Ham,1,6.9,40,0,236408,0,0,Goalkeeper,David Martin
Darren,Randolph,West Ham,1,0.3,44,90,16580,1.4,6,Goalkeeper,Darren Randolph
Lukasz,Fabianski,West Ham,1,4.1,51,1440,435777,13.9,71,Goalkeeper,Łukasz Fabiański
Angelo,Ogbonna,West Ham,2,3.3,50,1502,313308,13.2,66,Defender,Angelo Ogbonna
Roberto,Jimenez Gago,West Ham,1,0,45,0,407,0,0,Goalkeeper,Roberto Jimenez Gago
Jack,Wilshere,West Ham,3,0,49,0,1183,0,0,Midfielder,Jack Wilshere
Aaron,Cresswell,West Ham,2,16.6,54,1530,1660282,14.3,77,Defender,Aaron Cresswell
Andriy,Yarmolenko,West Ham,3,0.1,55,240,4098,1.6,9,Midfielder,Andriy Yarmolenko
Michail,Antonio,West Ham,4,6.5,62,570,539945,4.8,30,Forward,Michail Antonio
Ryan,Fredericks,West Ham,2,0.2,42,319,17383,2.6,11,Defender,Ryan Fredericks
Manuel,Lanzini,West Ham,3,0.1,64,227,11618,2.5,16,Midfielder,Manuel Lanzini
Felipe Anderson,Pereira Gomes,West Ham,3,0.1,61,2,4674,0.3,2,Midfielder,Felipe Anderson
Sébastien,Haller,West Ham,4,0.3,61,932,60503,6.7,41,Forward,Sébastien Haller
Arthur,Masuaku,West Ham,2,0.6,44,850,220675,8.4,37,Defender,Arthur Masuaku
Fabián,Balbuena,West Ham,2,1.7,44,1080,294999,9.1,40,Defender,Fabián Balbuena
Jordan,Hugill,West Ham,4,0,55,0,426,0,0,Forward,Jordan Hugill
Jarrod,Bowen,West Ham,3,3.4,63,1291,657578,10.8,68,Midfielder,Jarrod Bowen
Albian,Ajeti,West Ham,4,0,55,0,653,0,0,Forward,Albian Ajeti
Declan,Rice,West Ham,3,2.6,48,1530,169333,8.8,42,Midfielder,Declan Rice
Tomas,Soucek,West Ham,3,17.7,53,1530,1568144,14.5,77,Midfielder,Tomáš Souček
Pablo,Fornals,West Ham,3,0.9,61,1262,265886,10.2,62,Midfielder,Pablo Fornals
Issa,Diop,West Ham,2,0.5,43,297,14428,0.9,4,Defender,Issa Diop
Ben,Johnson,West Ham,2,3.3,39,141,257574,2.6,10,Defender,Ben Johnson
Vladimir,Coufal,West Ham,2,6.5,47,1164,637380,11.1,52,Defender,Vladimír Coufal
Craig,Dawson,West Ham,2,0.2,45,180,17123,2.7,12,Defender,Craig Dawson
Saïd,Benrahma,West Ham,3,0.2,60,392,50179,3.2,19,Midfielder,Saïd Benrahma
John,Ruddy,Wolves,1,0.2,43,0,4433,0,0,Goalkeeper,John Ruddy
João Filipe Iria,Santos Moutinho,Wolves,3,0.9,52,1153,40115,5,26,Midfielder,João Moutinho
Rui Pedro,dos Santos Patrício,Wolves,1,5.2,54,1620,357420,10.2,55,Goalkeeper,Rui Patrício
Ryan,Bennett,Wolves,2,0.1,44,0,3902,0,0,Defender,Ryan Bennett
Willy,Boly,Wolves,2,1.4,54,1080,138560,6.7,36,Defender,Willy Boly
Conor,Coady,Wolves,2,5.5,49,1530,385628,8.4,41,Defender,Conor Coady
Raúl,Jiménez,Wolves,4,5.1,82,824,1157844,5.2,43,Forward,Raúl Jiménez
Romain,Saïss,Wolves,2,10.1,51,1147,2147774,12.4,63,Defender,Romain Saïss
Jonathan,Castro Otto,Wolves,2,0,54,0,764,0,0,Defender,Jonathan Castro Otto
Léo,Bonatini,Wolves,4,0.1,48,0,8694,0,0,Forward,Léo Bonatini
Leander,Dendoncker,Wolves,3,0.6,47,1036,59790,7,33,Midfielder,Leander Dendoncker
Adama,Traoré,Wolves,3,5.4,61,1029,297350,4.6,28,Midfielder,Adama Traoré
Rúben Diogo,da Silva Neves,Wolves,3,1.4,52,1239,77090,8.7,45,Midfielder,Rúben Neves
Oskar,Buur,Wolves,2,2.4,39,22,248365,0.3,1,Defender,Oskar Buur
Daniel,Castelo Podence,Wolves,3,2.5,54,1117,1013367,10.6,57,Midfielder,Daniel Podence
Max,Kilman,Wolves,2,9,41,758,1423999,9,37,Defender,Max Kilman
Rúben Gonçalo,Silva Nascimento Vinagre,Wolves,2,0.8,41,172,56796,0.2,1,Defender,Rúben Vinagre
Matija,Sarkic,Wolves,1,0.1,44,0,974,0,0,Goalkeeper,Matija Sarkic
Morgan,Gibbs-White,Wolves,3,0,49,63,511,0.4,2,Midfielder,Morgan Gibbs-White
Pedro,Lomba Neto,Wolves,3,14.1,60,1441,1773944,13.7,82,Midfielder,Pedro Neto
Bruno André,Cavaco Jordao,Wolves,3,0.2,43,0,16475,0,0,Midfielder,Bruno André Cavaco Jordao
Leonardo,Campana,Wolves,4,0.3,48,0,22243,0,0,Forward,Leonardo Campana
Fabio,Silva,Wolves,4,1.4,52,598,151557,4.4,23,Forward,Fábio Silva
Fernando,Marçal,Wolves,2,0.1,48,568,27500,3.3,16,Defender,Fernando Marçal
Vitor,Ferreira,Wolves,3,0,48,174,2127,2.9,14,Midfielder,Vitinha
Ki-Jana,Hoever,Wolves,2,0,44,145,4454,0.9,4,Defender,Ki-Jana Hoever
Nélson,Cabral Semedo,Wolves,2,2.1,53,1319,394403,6.6,35,Defender,Nélson Semedo
Meritan,Shabani,Wolves,3,0,44,0,3850,0,0,Midfielder,Meritan Shabani
Rayan,Ait Nouri,Wolves,2,0.2,50,618,46711,6,30,Defender,Rayan Aït Nouri
Owen,Otasowie,Wolves,3,0,45,114,3310,1.3,6,Midfielder,Owen Otasowie
Theo,Corbeanu,Wolves,3,0,45,0,185,0,0,Midfielder,Theo Corbeanu
Taylor,Perry,Wolves,3,0,45,0,461,0,0,Midfielder,Taylor Perry
Luke,Cundle,Wolves,3,0,45,0,537,0,0,Midfielder,Luke Cundle
Lewis,Richards,Wolves,2,0,40,0,1235,0,0,Defender,Lewis Richards
Christian,Marques,Wolves,2,0,40,0,1317,0,0,Defender,Christian Marques
Andreas,Söndergaard,Wolves,1,0.2,40,0,13535,0,0,Goalkeeper,Andreas Söndergaard
Patrick,Cutrone,Wolves,4,0,60,12,2434,0.2,1,Forward,Patrick Cutrone
Nigel,Lonwijk,Wolves,2,0,40,0,185,0,0,Defender,Nigel Lonwijk
